<?xml version="1.0" encoding="UTF-8"?>
<GenRun Id="impl_1" LaunchPart="xc7a200tfbg676-2" LaunchTime="1632132650">
  <File Type="ROUTE-BUS-SKEW" Name="RippleCarryAdder_bus_skew_routed.rpt"/>
  <File Type="PA-DCP" Name="RippleCarryAdder.dcp"/>
  <File Type="OPT-HWDEF" Name="RippleCarryAdder.hwdef"/>
  <File Type="ROUTE-PWR" Name="RippleCarryAdder_power_routed.rpt"/>
  <File Type="PA-TCL" Name="RippleCarryAdder.tcl"/>
  <File Type="BITSTR-BMM" Name="RippleCarryAdder_bd.bmm"/>
  <File Type="OPT-DCP" Name="RippleCarryAdder_opt.dcp"/>
  <File Type="REPORTS-TCL" Name="RippleCarryAdder_reports.tcl"/>
  <File Type="ROUTE-PWR-SUM" Name="RippleCarryAdder_power_summary_routed.pb"/>
  <File Type="OPT-DRC" Name="RippleCarryAdder_drc_opted.rpt"/>
  <File Type="PWROPT-DCP" Name="RippleCarryAdder_pwropt.dcp"/>
  <File Type="PLACE-DCP" Name="RippleCarryAdder_placed.dcp"/>
  <File Type="PLACE-IO" Name="RippleCarryAdder_io_placed.rpt"/>
  <File Type="PLACE-UTIL" Name="RippleCarryAdder_utilization_placed.rpt"/>
  <File Type="PLACE-UTIL-PB" Name="RippleCarryAdder_utilization_placed.pb"/>
  <File Type="PLACE-CTRL" Name="RippleCarryAdder_control_sets_placed.rpt"/>
  <File Type="PLACE-PRE-SIMILARITY" Name="RippleCarryAdder_incremental_reuse_pre_placed.rpt"/>
  <File Type="POSTPLACE-PWROPT-DCP" Name="RippleCarryAdder_postplace_pwropt.dcp"/>
  <File Type="BG-BIN" Name="RippleCarryAdder.bin"/>
  <File Type="PHYSOPT-DCP" Name="RippleCarryAdder_physopt.dcp"/>
  <File Type="BITSTR-MSK" Name="RippleCarryAdder.msk"/>
  <File Type="ROUTE-ERROR-DCP" Name="RippleCarryAdder_routed_error.dcp"/>
  <File Type="ROUTE-DCP" Name="RippleCarryAdder_routed.dcp"/>
  <File Type="ROUTE-BLACKBOX-DCP" Name="RippleCarryAdder_routed_bb.dcp"/>
  <File Type="ROUTE-DRC" Name="RippleCarryAdder_drc_routed.rpt"/>
  <File Type="ROUTE-DRC-PB" Name="RippleCarryAdder_drc_routed.pb"/>
  <File Type="ROUTE-DRC-RPX" Name="RippleCarryAdder_drc_routed.rpx"/>
  <File Type="ROUTE-METHODOLOGY-DRC" Name="RippleCarryAdder_methodology_drc_routed.rpt"/>
  <File Type="BITSTR-MMI" Name="RippleCarryAdder.mmi"/>
  <File Type="ROUTE-METHODOLOGY-DRC-RPX" Name="RippleCarryAdder_methodology_drc_routed.rpx"/>
  <File Type="ROUTE-METHODOLOGY-DRC-PB" Name="RippleCarryAdder_methodology_drc_routed.pb"/>
  <File Type="ROUTE-PWR-RPX" Name="RippleCarryAdder_power_routed.rpx"/>
  <File Type="ROUTE-STATUS" Name="RippleCarryAdder_route_status.rpt"/>
  <File Type="ROUTE-STATUS-PB" Name="RippleCarryAdder_route_status.pb"/>
  <File Type="ROUTE-TIMINGSUMMARY" Name="RippleCarryAdder_timing_summary_routed.rpt"/>
  <File Type="ROUTE-TIMING-PB" Name="RippleCarryAdder_timing_summary_routed.pb"/>
  <File Type="ROUTE-TIMING-RPX" Name="RippleCarryAdder_timing_summary_routed.rpx"/>
  <File Type="ROUTE-CLK" Name="RippleCarryAdder_clock_utilization_routed.rpt"/>
  <File Type="ROUTE-BUS-SKEW-PB" Name="RippleCarryAdder_bus_skew_routed.pb"/>
  <File Type="ROUTE-BUS-SKEW-RPX" Name="RippleCarryAdder_bus_skew_routed.rpx"/>
  <File Type="POSTROUTE-PHYSOPT-DCP" Name="RippleCarryAdder_postroute_physopt.dcp"/>
  <File Type="POSTROUTE-PHYSOPT-BLACKBOX-DCP" Name="RippleCarryAdder_postroute_physopt_bb.dcp"/>
  <File Type="BG-BIT" Name="RippleCarryAdder.bit"/>
  <File Type="BITSTR-RBT" Name="RippleCarryAdder.rbt"/>
  <File Type="BITSTR-NKY" Name="RippleCarryAdder.nky"/>
  <File Type="PDI-FILE" Name="RippleCarryAdder.pdi"/>
  <File Type="RCFI_FILE" Name="RippleCarryAdder.rcfi"/>
  <File Type="CFI_FILE" Name="RippleCarryAdder.cfi"/>
  <File Type="RNPI_FILE" Name="RippleCarryAdder.rnpi"/>
  <File Type="NPI_FILE" Name="RippleCarryAdder.npi"/>
  <File Type="RBD_FILE" Name="RippleCarryAdder.rbd"/>
  <File Type="BITSTR-LTX" Name="RippleCarryAdder.ltx"/>
  <File Type="BITSTR-SYSDEF" Name="RippleCarryAdder.sysdef"/>
  <File Type="BG-BGN" Name="RippleCarryAdder.bgn"/>
  <File Type="BG-DRC" Name="RippleCarryAdder.drc"/>
  <File Type="RDI-RDI" Name="RippleCarryAdder.vdi"/>
  <File Type="WBT-USG" Name="usage_statistics_webtalk.html"/>
  <FileSet Name="sources" Type="DesignSrcs" RelSrcDir="$PSRCDIR/sources_1">
    <Filter Type="Srcs"/>
    <File Path="$PSRCDIR/sources_1/new/RippleCarryAdder.v">
      <FileInfo>
        <Attr Name="UsedIn" Val="synthesis"/>
        <Attr Name="UsedIn" Val="implementation"/>
        <Attr Name="UsedIn" Val="simulation"/>
      </FileInfo>
    </File>
    <Config>
      <Option Name="DesignMode" Val="RTL"/>
      <Option Name="TopModule" Val="RippleCarryAdder"/>
      <Option Name="TopAutoSet" Val="TRUE"/>
    </Config>
  </FileSet>
  <FileSet Name="constrs_in" Type="Constrs" RelSrcDir="$PSRCDIR/constrs_1">
    <Filter Type="Constrs"/>
    <Config>
      <Option Name="ConstrsType" Val="XDC"/>
    </Config>
  </FileSet>
  <FileSet Name="utils" Type="Utils" RelSrcDir="$PSRCDIR/utils_1">
    <Filter Type="Utils"/>
    <Config>
      <Option Name="TopAutoSet" Val="TRUE"/>
    </Config>
  </FileSet>
  <Strategy Version="1" Minor="2">
    <StratHandle Name="Vivado Implementation Defaults" Flow="Vivado Implementation 2019"/>
    <Step Id="init_design"/>
    <Step Id="opt_design"/>
    <Step Id="power_opt_design"/>
    <Step Id="place_design"/>
    <Step Id="post_place_power_opt_design"/>
    <Step Id="phys_opt_design" EnableStepBool="1"/>
    <Step Id="route_design"/>
    <Step Id="post_route_phys_opt_design"/>
    <Step Id="write_bitstream"/>
    <Step Id="write_device_image"/>
  </Strategy>
</GenRun>
