<?xml version="1.0" encoding="UTF-8"?>
<GenRun Id="impl_1" LaunchPart="xc7a35tcpg236-1" LaunchTime="1632144646">
  <File Type="OPT-HWDEF" Name="CarrySelectAdder.hwdef"/>
  <File Type="ROUTE-BUS-SKEW" Name="CarrySelectAdder_bus_skew_routed.rpt"/>
  <File Type="PA-DCP" Name="CarrySelectAdder.dcp"/>
  <File Type="BITSTR-BMM" Name="CarrySelectAdder_bd.bmm"/>
  <File Type="OPT-METHODOLOGY-DRC" Name="CarrySelectAdder_methodology_drc_opted.rpt"/>
  <File Type="INIT-TIMING" Name="CarrySelectAdder_timing_summary_init.rpt"/>
  <File Type="ROUTE-PWR" Name="CarrySelectAdder_power_routed.rpt"/>
  <File Type="PA-TCL" Name="CarrySelectAdder.tcl"/>
  <File Type="OPT-TIMING" Name="CarrySelectAdder_timing_summary_opted.rpt"/>
  <File Type="OPT-DCP" Name="CarrySelectAdder_opt.dcp"/>
  <File Type="ROUTE-PWR-SUM" Name="CarrySelectAdder_power_summary_routed.pb"/>
  <File Type="REPORTS-TCL" Name="CarrySelectAdder_reports.tcl"/>
  <File Type="OPT-DRC" Name="CarrySelectAdder_drc_opted.rpt"/>
  <File Type="PWROPT-DCP" Name="CarrySelectAdder_pwropt.dcp"/>
  <File Type="PWROPT-DRC" Name="CarrySelectAdder_drc_pwropted.rpt"/>
  <File Type="PWROPT-TIMING" Name="CarrySelectAdder_timing_summary_pwropted.rpt"/>
  <File Type="PLACE-DCP" Name="CarrySelectAdder_placed.dcp"/>
  <File Type="PLACE-IO" Name="CarrySelectAdder_io_placed.rpt"/>
  <File Type="PLACE-CLK" Name="CarrySelectAdder_clock_utilization_placed.rpt"/>
  <File Type="PLACE-UTIL" Name="CarrySelectAdder_utilization_placed.rpt"/>
  <File Type="PLACE-UTIL-PB" Name="CarrySelectAdder_utilization_placed.pb"/>
  <File Type="PLACE-CTRL" Name="CarrySelectAdder_control_sets_placed.rpt"/>
  <File Type="PLACE-SIMILARITY" Name="CarrySelectAdder_incremental_reuse_placed.rpt"/>
  <File Type="PLACE-PRE-SIMILARITY" Name="CarrySelectAdder_incremental_reuse_pre_placed.rpt"/>
  <File Type="PLACE-TIMING" Name="CarrySelectAdder_timing_summary_placed.rpt"/>
  <File Type="POSTPLACE-PWROPT-DCP" Name="CarrySelectAdder_postplace_pwropt.dcp"/>
  <File Type="BG-BIN" Name="CarrySelectAdder.bin"/>
  <File Type="POSTPLACE-PWROPT-TIMING" Name="CarrySelectAdder_timing_summary_postplace_pwropted.rpt"/>
  <File Type="PHYSOPT-DCP" Name="CarrySelectAdder_physopt.dcp"/>
  <File Type="PHYSOPT-DRC" Name="CarrySelectAdder_drc_physopted.rpt"/>
  <File Type="BITSTR-MSK" Name="CarrySelectAdder.msk"/>
  <File Type="PHYSOPT-TIMING" Name="CarrySelectAdder_timing_summary_physopted.rpt"/>
  <File Type="ROUTE-ERROR-DCP" Name="CarrySelectAdder_routed_error.dcp"/>
  <File Type="ROUTE-DCP" Name="CarrySelectAdder_routed.dcp"/>
  <File Type="ROUTE-BLACKBOX-DCP" Name="CarrySelectAdder_routed_bb.dcp"/>
  <File Type="ROUTE-DRC" Name="CarrySelectAdder_drc_routed.rpt"/>
  <File Type="ROUTE-DRC-PB" Name="CarrySelectAdder_drc_routed.pb"/>
  <File Type="ROUTE-DRC-RPX" Name="CarrySelectAdder_drc_routed.rpx"/>
  <File Type="BITSTR-MMI" Name="CarrySelectAdder.mmi"/>
  <File Type="ROUTE-METHODOLOGY-DRC" Name="CarrySelectAdder_methodology_drc_routed.rpt"/>
  <File Type="ROUTE-METHODOLOGY-DRC-RPX" Name="CarrySelectAdder_methodology_drc_routed.rpx"/>
  <File Type="ROUTE-METHODOLOGY-DRC-PB" Name="CarrySelectAdder_methodology_drc_routed.pb"/>
  <File Type="ROUTE-PWR-RPX" Name="CarrySelectAdder_power_routed.rpx"/>
  <File Type="ROUTE-STATUS" Name="CarrySelectAdder_route_status.rpt"/>
  <File Type="ROUTE-STATUS-PB" Name="CarrySelectAdder_route_status.pb"/>
  <File Type="ROUTE-TIMINGSUMMARY" Name="CarrySelectAdder_timing_summary_routed.rpt"/>
  <File Type="ROUTE-TIMING-PB" Name="CarrySelectAdder_timing_summary_routed.pb"/>
  <File Type="ROUTE-TIMING-RPX" Name="CarrySelectAdder_timing_summary_routed.rpx"/>
  <File Type="ROUTE-SIMILARITY" Name="CarrySelectAdder_incremental_reuse_routed.rpt"/>
  <File Type="ROUTE-CLK" Name="CarrySelectAdder_clock_utilization_routed.rpt"/>
  <File Type="ROUTE-BUS-SKEW-PB" Name="CarrySelectAdder_bus_skew_routed.pb"/>
  <File Type="ROUTE-BUS-SKEW-RPX" Name="CarrySelectAdder_bus_skew_routed.rpx"/>
  <File Type="POSTROUTE-PHYSOPT-DCP" Name="CarrySelectAdder_postroute_physopt.dcp"/>
  <File Type="POSTROUTE-PHYSOPT-BLACKBOX-DCP" Name="CarrySelectAdder_postroute_physopt_bb.dcp"/>
  <File Type="POSTROUTE-PHYSOPT-TIMING" Name="CarrySelectAdder_timing_summary_postroute_physopted.rpt"/>
  <File Type="POSTROUTE-PHYSOPT-TIMING-PB" Name="CarrySelectAdder_timing_summary_postroute_physopted.pb"/>
  <File Type="POSTROUTE-PHYSOPT-TIMING-RPX" Name="CarrySelectAdder_timing_summary_postroute_physopted.rpx"/>
  <File Type="POSTROUTE-PHYSOPT-BUS-SKEW" Name="CarrySelectAdder_bus_skew_postroute_physopted.rpt"/>
  <File Type="POSTROUTE-PHYSOPT-BUS-SKEW-PB" Name="CarrySelectAdder_bus_skew_postroute_physopted.pb"/>
  <File Type="BG-BIT" Name="CarrySelectAdder.bit"/>
  <File Type="POSTROUTE-PHYSOPT-BUS-SKEW-RPX" Name="CarrySelectAdder_bus_skew_postroute_physopted.rpx"/>
  <File Type="BITSTR-RBT" Name="CarrySelectAdder.rbt"/>
  <File Type="BITSTR-NKY" Name="CarrySelectAdder.nky"/>
  <File Type="PDI-FILE" Name="CarrySelectAdder.pdi"/>
  <File Type="RCFI_FILE" Name="CarrySelectAdder.rcfi"/>
  <File Type="CFI_FILE" Name="CarrySelectAdder.cfi"/>
  <File Type="RNPI_FILE" Name="CarrySelectAdder.rnpi"/>
  <File Type="NPI_FILE" Name="CarrySelectAdder.npi"/>
  <File Type="RBD_FILE" Name="CarrySelectAdder.rbd"/>
  <File Type="BITSTR-LTX" Name="debug_nets.ltx"/>
  <File Type="BITSTR-LTX" Name="CarrySelectAdder.ltx"/>
  <File Type="BITSTR-SYSDEF" Name="CarrySelectAdder.sysdef"/>
  <File Type="BG-BGN" Name="CarrySelectAdder.bgn"/>
  <File Type="BG-DRC" Name="CarrySelectAdder.drc"/>
  <File Type="RDI-RDI" Name="CarrySelectAdder.vdi"/>
  <File Type="WBT-USG" Name="usage_statistics_webtalk.html"/>
  <FileSet Name="sources" Type="DesignSrcs" RelSrcDir="$PSRCDIR/sources_1">
    <Filter Type="Srcs"/>
    <File Path="$PSRCDIR/sources_1/new/Carry_Select_Adder.v">
      <FileInfo>
        <Attr Name="UsedIn" Val="synthesis"/>
        <Attr Name="UsedIn" Val="implementation"/>
        <Attr Name="UsedIn" Val="simulation"/>
      </FileInfo>
    </File>
    <Config>
      <Option Name="DesignMode" Val="RTL"/>
      <Option Name="TopModule" Val="CarrySelectAdder"/>
      <Option Name="TopAutoSet" Val="TRUE"/>
    </Config>
  </FileSet>
  <FileSet Name="constrs_in" Type="Constrs" RelSrcDir="$PSRCDIR/constrs_1">
    <Filter Type="Constrs"/>
    <Config>
      <Option Name="ConstrsType" Val="XDC"/>
    </Config>
  </FileSet>
  <FileSet Name="utils" Type="Utils" RelSrcDir="$PSRCDIR/utils_1">
    <Filter Type="Utils"/>
    <Config>
      <Option Name="TopAutoSet" Val="TRUE"/>
    </Config>
  </FileSet>
  <Strategy Version="1" Minor="2">
    <StratHandle Name="Vivado Implementation Defaults" Flow="Vivado Implementation 2019">
      <Desc>Default settings for Implementation.</Desc>
    </StratHandle>
    <Step Id="init_design"/>
    <Step Id="opt_design"/>
    <Step Id="power_opt_design"/>
    <Step Id="place_design"/>
    <Step Id="post_place_power_opt_design"/>
    <Step Id="phys_opt_design" EnableStepBool="1"/>
    <Step Id="route_design"/>
    <Step Id="post_route_phys_opt_design"/>
    <Step Id="write_bitstream"/>
  </Strategy>
</GenRun>
