<?xml version="1.0" encoding="UTF-8"?>
<GenRun Id="impl_1" LaunchPart="xc7a35tcpg236-1" LaunchTime="1632143269">
  <File Type="ROUTE-BUS-SKEW" Name="Carry_Look_Ahead_Adder_bus_skew_routed.rpt"/>
  <File Type="PA-DCP" Name="Carry_Look_Ahead_Adder.dcp"/>
  <File Type="OPT-HWDEF" Name="Carry_Look_Ahead_Adder.hwdef"/>
  <File Type="ROUTE-PWR" Name="Carry_Look_Ahead_Adder_power_routed.rpt"/>
  <File Type="PA-TCL" Name="Carry_Look_Ahead_Adder.tcl"/>
  <File Type="BITSTR-BMM" Name="Carry_Look_Ahead_Adder_bd.bmm"/>
  <File Type="OPT-DCP" Name="Carry_Look_Ahead_Adder_opt.dcp"/>
  <File Type="REPORTS-TCL" Name="Carry_Look_Ahead_Adder_reports.tcl"/>
  <File Type="ROUTE-PWR-SUM" Name="Carry_Look_Ahead_Adder_power_summary_routed.pb"/>
  <File Type="OPT-DRC" Name="Carry_Look_Ahead_Adder_drc_opted.rpt"/>
  <File Type="PWROPT-DCP" Name="Carry_Look_Ahead_Adder_pwropt.dcp"/>
  <File Type="PLACE-DCP" Name="Carry_Look_Ahead_Adder_placed.dcp"/>
  <File Type="PLACE-IO" Name="Carry_Look_Ahead_Adder_io_placed.rpt"/>
  <File Type="PLACE-UTIL" Name="Carry_Look_Ahead_Adder_utilization_placed.rpt"/>
  <File Type="PLACE-UTIL-PB" Name="Carry_Look_Ahead_Adder_utilization_placed.pb"/>
  <File Type="PLACE-CTRL" Name="Carry_Look_Ahead_Adder_control_sets_placed.rpt"/>
  <File Type="PLACE-PRE-SIMILARITY" Name="Carry_Look_Ahead_Adder_incremental_reuse_pre_placed.rpt"/>
  <File Type="POSTPLACE-PWROPT-DCP" Name="Carry_Look_Ahead_Adder_postplace_pwropt.dcp"/>
  <File Type="BG-BIN" Name="Carry_Look_Ahead_Adder.bin"/>
  <File Type="PHYSOPT-DCP" Name="Carry_Look_Ahead_Adder_physopt.dcp"/>
  <File Type="BITSTR-MSK" Name="Carry_Look_Ahead_Adder.msk"/>
  <File Type="ROUTE-ERROR-DCP" Name="Carry_Look_Ahead_Adder_routed_error.dcp"/>
  <File Type="ROUTE-DCP" Name="Carry_Look_Ahead_Adder_routed.dcp"/>
  <File Type="ROUTE-BLACKBOX-DCP" Name="Carry_Look_Ahead_Adder_routed_bb.dcp"/>
  <File Type="ROUTE-DRC" Name="Carry_Look_Ahead_Adder_drc_routed.rpt"/>
  <File Type="ROUTE-DRC-PB" Name="Carry_Look_Ahead_Adder_drc_routed.pb"/>
  <File Type="ROUTE-DRC-RPX" Name="Carry_Look_Ahead_Adder_drc_routed.rpx"/>
  <File Type="ROUTE-METHODOLOGY-DRC" Name="Carry_Look_Ahead_Adder_methodology_drc_routed.rpt"/>
  <File Type="BITSTR-MMI" Name="Carry_Look_Ahead_Adder.mmi"/>
  <File Type="ROUTE-METHODOLOGY-DRC-RPX" Name="Carry_Look_Ahead_Adder_methodology_drc_routed.rpx"/>
  <File Type="ROUTE-METHODOLOGY-DRC-PB" Name="Carry_Look_Ahead_Adder_methodology_drc_routed.pb"/>
  <File Type="ROUTE-PWR-RPX" Name="Carry_Look_Ahead_Adder_power_routed.rpx"/>
  <File Type="ROUTE-STATUS" Name="Carry_Look_Ahead_Adder_route_status.rpt"/>
  <File Type="ROUTE-STATUS-PB" Name="Carry_Look_Ahead_Adder_route_status.pb"/>
  <File Type="ROUTE-TIMINGSUMMARY" Name="Carry_Look_Ahead_Adder_timing_summary_routed.rpt"/>
  <File Type="ROUTE-TIMING-PB" Name="Carry_Look_Ahead_Adder_timing_summary_routed.pb"/>
  <File Type="ROUTE-TIMING-RPX" Name="Carry_Look_Ahead_Adder_timing_summary_routed.rpx"/>
  <File Type="ROUTE-CLK" Name="Carry_Look_Ahead_Adder_clock_utilization_routed.rpt"/>
  <File Type="ROUTE-BUS-SKEW-PB" Name="Carry_Look_Ahead_Adder_bus_skew_routed.pb"/>
  <File Type="ROUTE-BUS-SKEW-RPX" Name="Carry_Look_Ahead_Adder_bus_skew_routed.rpx"/>
  <File Type="POSTROUTE-PHYSOPT-DCP" Name="Carry_Look_Ahead_Adder_postroute_physopt.dcp"/>
  <File Type="POSTROUTE-PHYSOPT-BLACKBOX-DCP" Name="Carry_Look_Ahead_Adder_postroute_physopt_bb.dcp"/>
  <File Type="BG-BIT" Name="Carry_Look_Ahead_Adder.bit"/>
  <File Type="BITSTR-RBT" Name="Carry_Look_Ahead_Adder.rbt"/>
  <File Type="BITSTR-NKY" Name="Carry_Look_Ahead_Adder.nky"/>
  <File Type="PDI-FILE" Name="Carry_Look_Ahead_Adder.pdi"/>
  <File Type="RCFI_FILE" Name="Carry_Look_Ahead_Adder.rcfi"/>
  <File Type="CFI_FILE" Name="Carry_Look_Ahead_Adder.cfi"/>
  <File Type="RNPI_FILE" Name="Carry_Look_Ahead_Adder.rnpi"/>
  <File Type="NPI_FILE" Name="Carry_Look_Ahead_Adder.npi"/>
  <File Type="RBD_FILE" Name="Carry_Look_Ahead_Adder.rbd"/>
  <File Type="BITSTR-LTX" Name="Carry_Look_Ahead_Adder.ltx"/>
  <File Type="BITSTR-SYSDEF" Name="Carry_Look_Ahead_Adder.sysdef"/>
  <File Type="BG-BGN" Name="Carry_Look_Ahead_Adder.bgn"/>
  <File Type="BG-DRC" Name="Carry_Look_Ahead_Adder.drc"/>
  <File Type="RDI-RDI" Name="Carry_Look_Ahead_Adder.vdi"/>
  <File Type="WBT-USG" Name="usage_statistics_webtalk.html"/>
  <FileSet Name="sources" Type="DesignSrcs" RelSrcDir="$PSRCDIR/sources_1">
    <Filter Type="Srcs"/>
    <File Path="$PSRCDIR/sources_1/new/CarryLookAheadAdder.v">
      <FileInfo>
        <Attr Name="UsedIn" Val="synthesis"/>
        <Attr Name="UsedIn" Val="implementation"/>
        <Attr Name="UsedIn" Val="simulation"/>
      </FileInfo>
    </File>
    <Config>
      <Option Name="DesignMode" Val="RTL"/>
      <Option Name="TopModule" Val="Carry_Look_Ahead_Adder"/>
      <Option Name="TopAutoSet" Val="TRUE"/>
    </Config>
  </FileSet>
  <FileSet Name="constrs_in" Type="Constrs" RelSrcDir="$PSRCDIR/constrs_1">
    <Filter Type="Constrs"/>
    <Config>
      <Option Name="ConstrsType" Val="XDC"/>
    </Config>
  </FileSet>
  <FileSet Name="utils" Type="Utils" RelSrcDir="$PSRCDIR/utils_1">
    <Filter Type="Utils"/>
    <Config>
      <Option Name="TopAutoSet" Val="TRUE"/>
    </Config>
  </FileSet>
  <Strategy Version="1" Minor="2">
    <StratHandle Name="Vivado Implementation Defaults" Flow="Vivado Implementation 2019"/>
    <Step Id="init_design"/>
    <Step Id="opt_design"/>
    <Step Id="power_opt_design"/>
    <Step Id="place_design"/>
    <Step Id="post_place_power_opt_design"/>
    <Step Id="phys_opt_design" EnableStepBool="1"/>
    <Step Id="route_design"/>
    <Step Id="post_route_phys_opt_design"/>
    <Step Id="write_bitstream"/>
    <Step Id="write_device_image"/>
  </Strategy>
</GenRun>
